<?xml version='1.0' encoding='utf-8'?>

<scene version="0.4.0">
	<integrator type="direct">
	</integrator>
	
	<include filename="objects.xml"/>
	<shape type="serialized">
	 	<string name="filename" value="$filename"/>
		<bsdf type="roughplastic">
		  	<float name="alpha" value="0.07"/>
			<srgb name="diffuseReflectance" value="#AACCFF"/> <float name="intIOR" value="1.2"/>
		</bsdf>
	</shape>
	
	<sensor type="perspective">
		<float name="focusDistance" value="6"/>
		<float name="fov" value="32"/>
		<string name="fovAxis" value="x"/>
		<transform name="toWorld">
			<lookat target="$target" origin="$origin" up="$up"/>
		</transform>

		<sampler type="halton">
			<integer name="sampleCount" value="64"/>
		</sampler>

		<film type="hdrfilm">
			<boolean name="banner" value="false"/>
			<integer name="width" value="1280"/>
			<integer name="height" value="720"/>
			<string name="pixelFormat" value="rgb"/>
			<rfilter type="gaussian"/>
		</film>
	</sensor>

	<shape type="sphere">
	  <point name="center" x="30" y="5" z="40"/> <float name="radius" value="1.0"/>
	  <emitter type="area">
			<spectrum name="radiance" value="1200"/>
	  </emitter>
	</shape>

	<emitter type="sky"> <transform name="toWorld">
	  <rotate x="1" angle="80"/> </transform>
	  <float name="scale" value="7"/>
	</emitter>
	
	<shape type="rectangle">
	  	<transform name="toWorld">
			<scale x="10000" y="10000" z="10000"/>
		</transform>
		<bsdf type="diffuse">
			<srgb name="reflectance" value="#FFFFFF"/>
		</bsdf>
	</shape>
</scene>
