<?xml version='1.0' encoding='utf-8'?>

<scene version="0.4.0">
	<integrator type="path">
		<integer name="maxDepth" value="4"/>
	</integrator>
	
	<bsdf type="diffuse" id="red">
		<srgb name="reflectance" value="#ffbbc8"/>
	</bsdf>
	
	<bsdf type="diffuse" id="green">
		<srgb name="reflectance" value="#bbeee2"/>
	</bsdf>
	
	<bsdf type="diffuse" id="blue">
		<srgb name="reflectance" value="#bbcdff"/>
	</bsdf>
	
	<bsdf type="diffuse" id="yellow">
		<srgb name="reflectance" value="#ffdf89"/>
	</bsdf>
	
	<bsdf type="diffuse" id="violet">
		<srgb name="reflectance" value="#e4aeef"/>
	</bsdf>
	
	<bsdf type="diffuse" id="purple">
		<srgb name="reflectance" value="#ffb6db"/>
	</bsdf>
	
	<bsdf type="diffuse" id="orange">
		<srgb name="reflectance" value="#ffe5b6"/>
	</bsdf>
	
	<include filename="objects.xml"/>
	<include filename="$particles"/>
	
	<sensor type="perspective">
		<float name="focusDistance" value="6"/>
		<float name="fov" value="32"/>
		<string name="fovAxis" value="x"/>
		<transform name="toWorld">
			<lookat target="$target" origin="$origin" up="$up"/>
		</transform>

		<sampler type="halton">
			<integer name="sampleCount" value="32"/>
		</sampler>

		<film type="hdrfilm">
			<boolean name="banner" value="false"/>
			<integer name="width" value="1280"/>
			<integer name="height" value="720"/>
			<string name="pixelFormat" value="rgb"/>
			<rfilter type="gaussian"/>
		</film>
	</sensor>
	
	<emitter type="envmap" id="Area_002-light">
		<string name="filename" value="envmap_particle.exr"/>
		<float name="scale" value="1.3"/>
	</emitter>

	<shape type="rectangle">
	  	<transform name="toWorld">
			<scale x="10000" y="10000" z="10000"/>
		</transform>
		<bsdf type="diffuse">
			<srgb name="reflectance" value="#AAAAAA"/>
		</bsdf>
	</shape>
</scene>
